{"cameraMode":{"drawMode":0,"name":"Shaded","section":"Shading Mode"},"sceneLighting":true,"audioPlay":false,"sceneViewState":{"m_AlwaysRefresh":false,"showFog":true,"showSkybox":true,"showFlares":true,"showImageEffects":true,"showParticleSystems":true,"showVisualEffectGraphs":true,"m_FxEnabled":true},"in2DMode":false,"pivot":{"x":6.461212158203125,"y":-1.5364996194839478,"z":-11.705504417419434},"rotation":{"x":0.000875708123203367,"y":-0.9804279208183289,"z":0.19701622426509858,"w":0.0047147017903625969},"size":4.975103378295898,"orthographic":false}